asin,title,imgUrl,productURL,stars,reviews,price,listPrice,category_id,isBestSeller,boughtInLastMonth,DiscountRate,score
B0B1GXQPFC,Reese Simple Block Heel Sandal,https://m.media-amazon.com/images/I/612UIWh6wnL._AC_UL320_.jpg,https://www.amazon.com/dp/B0B1GXQPFC,5.0,0,15.88,99.0,122,False,0,0.8395959595959597,9.197979797979798
B0CGL8NBM8,"Vacuum Cleaner Cordless Vacuum Stick Cordless Vacuum Cleaner with 23Kpa Super Suction, 80000 RPM High-Speed Brushless Motor, Up to 35 Mins Runtime Lightweight Vacuum Cleaners for home Hardwood Floor",https://m.media-amazon.com/images/I/71R2Drq7MxL._AC_UL320_.jpg,https://www.amazon.com/dp/B0CGL8NBM8,5.0,30,149.99,799.99,175,False,500,0.8125101563769547,9.062550781884774
B0C5QXWDFD,"Gold Teardrop Earrings for Women,Bottega Earring Dupes,18K Gold Plated Big Chunky Gold Earrings,Hypoallergenic Statement Earrings,Trendy Jewelry for Girls Women",https://m.media-amazon.com/images/I/61wY557IhFL._AC_UL320_.jpg,https://www.amazon.com/dp/B0C5QXWDFD,5.0,0,4.35,22.99,123,False,100,0.8107872988255764,9.053936494127882
B008DVJLBM,Live Alvie,https://m.media-amazon.com/images/I/81zWcjg4PlL._AC_UY218_.jpg,https://www.amazon.com/dp/B008DVJLBM,4.8,0,7.98,51.99,263,False,0,0.8465089440276977,9.032544720138489
B0CGLZYWHQ,"Smart Wireless Remote Video Doorbell Camera, Intelligent Visual Doorbell HD Night Vision WiFi Rechargeable Security Doorbell Cameras,Two-Way Calls,Photo,Recording,APP Control",https://m.media-amazon.com/images/I/51LNKa0DwPL._AC_UL320_.jpg,https://www.amazon.com/dp/B0CGLZYWHQ,5.0,0,19.99,99.99,80,False,0,0.8000800080008001,9.000400040004001
B0CGRZXJZ8,"Vacuum Cleaner Cordless Vacuum Cleaner,Stick Vacuum Cleaner with Powerful Suction,Rechargeable Vacuum 2200mAh Battery Up to 30 Mins Runtime Lightweight Vacuum Cleaner for Pet Hair Hardwood Floor",https://m.media-amazon.com/images/I/71pDBY1zQrL._AC_UL320_.jpg,https://www.amazon.com/dp/B0CGRZXJZ8,5.0,17,159.98,799.99,175,False,0,0.8000225002812535,9.000112501406267
B0BXRDTRWP,Tom Clancy's Ghost Recon Breakpoint Deluxe Edition - Xbox [Digital Code],https://m.media-amazon.com/images/I/71+UNdsTbYL._AC_UY218_.jpg,https://www.amazon.com/dp/B0BXRDTRWP,5.0,0,14.0,69.99,262,False,0,0.7999714244892128,8.999857122446064
B015A6Q57U,"Walter Stern 100 F Glass Beads, 5 mm",https://m.media-amazon.com/images/I/51Wp9CemioL._AC_UL320_.jpg,https://www.amazon.com/dp/B015A6Q57U,5.0,0,4.32,21.25,147,False,0,0.7967058823529412,8.983529411764707
B0CDP31K7F,"TASVAC Cordless Vacuum Cleaner, 28Kpa Powerful Stick Vacuum Cleaner with LED Smart Screen, Up to 50 Mins Runtime, 6 in 1 Lightweight Vacuum Cleaners for Home Hard Floor Carpet, Silvergreen",https://m.media-amazon.com/images/I/615ki1DuSvL._AC_UL320_.jpg,https://www.amazon.com/dp/B0CDP31K7F,5.0,11,149.98,699.99,175,False,0,0.785739796282804,8.92869898141402
B0BXCHGZPZ,"DEVOAC Cordless Vacuum Cleaner, Ultra-Quiet Stick Vacuum, 365W Motor 27KPa Powerful Suction, Up to 45mins Runtime, Ultra-Light 6 in 1 Handheld Vacuum for Hard Floor Carpet Pet Hair -V90",https://m.media-amazon.com/images/I/61IL5UH4msL._AC_UL320_.jpg,https://www.amazon.com/dp/B0BXCHGZPZ,5.0,16,129.39,599.99,175,False,50,0.7843464057734296,8.921732028867147
B0BNP9CDH3,Girls Lucy Toddler Cut Off Short,https://m.media-amazon.com/images/I/917jQheuceL._AC_UL320_.jpg,https://www.amazon.com/dp/B0BNP9CDH3,5.0,4,9.73,45.0,91,False,0,0.7837777777777777,8.918888888888889
B0B2FCNCR3,Women’s Vegan Leather North/South Tall Hobo Handbag,https://m.media-amazon.com/images/I/61-TWF2JyXL._AC_UL320_.jpg,https://www.amazon.com/dp/B0B2FCNCR3,5.0,2,14.99,69.0,118,False,0,0.7827536231884058,8.913768115942029
B07SW1S1WD,Men's Octavius Slim,https://m.media-amazon.com/images/I/81oWicZBTAL._AC_UL320_.jpg,https://www.amazon.com/dp/B07SW1S1WD,5.0,0,163.4,750.0,113,False,0,0.7821333333333333,8.910666666666668
B001449P70,"Dometic SeaStar Seal Kit, HS5157, with Wrench",https://m.media-amazon.com/images/I/811FsxAOeZL._AC_UL320_.jpg,https://www.amazon.com/dp/B001449P70,4.7,0,23.69,149.99,28,False,200,0.8420561370758051,8.910280685379025
B0C8DX29ND,Bubble Letter Necklace Gold,https://m.media-amazon.com/images/I/51W5V5tynsL._AC_UL320_.jpg,https://www.amazon.com/dp/B0C8DX29ND,5.0,0,10.05,45.99,123,False,0,0.781474233529028,8.90737116764514
B0CC4QYXGH,"True Wireless Earbuds Bluetooth 5.3 Headphones with Charging Case, 48Hrs Playtime Stereo in-Ear Earphones Built-in Mic for iPhone Android Cell Phone HD Call, Lightweight White Ear Buds",https://m.media-amazon.com/images/I/61oRwQWty8L._AC_UL320_.jpg,https://www.amazon.com/dp/B0CC4QYXGH,5.0,7,21.99,99.99,71,False,0,0.7800780078007801,8.9003900390039
B0C5TWNB91,"PRETTYCARE Cordless Vacuum Cleaner, Lightweight Stick Vacuum Cleaner with LED Display, Self-Standing Vacuum Cleaner Stick for Hardwood Floor Carpet Car Pet Hair Cleaning, 6 in 1, Long Runtime, WP1",https://m.media-amazon.com/images/I/61nX9vxDZSL._AC_UL320_.jpg,https://www.amazon.com/dp/B0C5TWNB91,5.0,12,109.99,499.98,175,False,100,0.7800112004480179,8.900056002240088
B0BC2JSDPM,Women's Aboard Fashion Boot,https://m.media-amazon.com/images/I/61EnhjmHNlL._AC_UL320_.jpg,https://www.amazon.com/dp/B0BC2JSDPM,5.0,0,39.39,179.0,122,False,0,0.7799441340782124,8.899720670391062
B000YQ9U2E,"Battery Charger, 12.0V, Li-Ion",https://m.media-amazon.com/images/I/51VRrk45YGL._AC_UL320_.jpg,https://www.amazon.com/dp/B000YQ9U2E,4.7,0,13.13,82.0,207,False,1000,0.8398780487804879,8.89939024390244
B0BW3XQ4DH,"USB for Windows 11 Version 22H2 Repair Recovery Install Restore Boot Fix Flash Drive, 16 GB Bootable USB Flash Disk for PC Windows 11 64 Bit Systems Home&Education&Pro - Yellow",https://m.media-amazon.com/images/I/61a-4Vj0brL._AC_UL320_.jpg,https://www.amazon.com/dp/B0BW3XQ4DH,5.0,0,3.99,17.99,55,False,0,0.7782101167315175,8.891050583657588
B09NRXT2J9,"Mattel Disney and Pixar Lightyear 3 Action Figure Set, 5-in Scale Buzz Lightyear, Izzy Hawthorne & Zyclops Toys, Space Rangers vs Robots",https://m.media-amazon.com/images/I/61Eogzt-26L._AC_UL320_.jpg,https://www.amazon.com/dp/B09NRXT2J9,4.7,0,9.3,54.86,270,False,300,0.8304775792927452,8.852387896463727
B009SM8GWA,Lexmark 52D1X00 Extra High Yield Return Program Toner,https://m.media-amazon.com/images/I/61gLL5hntAL._AC_UL320_.jpg,https://www.amazon.com/dp/B009SM8GWA,5.0,14,174.99,759.64,72,False,0,0.7696408825233005,8.848204412616504
B0BCT1Q3LJ,Unisex-Child Loredana Sandal,https://m.media-amazon.com/images/I/61e4dpLEqvL._AC_UL320_.jpg,https://www.amazon.com/dp/B0BCT1Q3LJ,5.0,0,8.32,36.0,97,False,0,0.7688888888888888,8.844444444444445
B0B1W66H4S,Girl's Star Wars Grogu Dad's Little Bounty of Joy T-Shirt,https://m.media-amazon.com/images/I/71B-O-7XxPL._AC_UL320_.jpg,https://www.amazon.com/dp/B0B1W66H4S,5.0,1,6.24,26.99,91,False,0,0.7688032604668397,8.844016302334198
B0BL5X14NC,Pokemon Pkmn Team Ghost Group Girls Short Sleeve Tee Shirt,https://m.media-amazon.com/images/I/61+vbmQf1lL._AC_UL320_.jpg,https://www.amazon.com/dp/B0BL5X14NC,5.0,1,5.67,24.5,91,False,0,0.7685714285714285,8.842857142857142
B07PC2PCWH,Stührling Original Men’s Chronograph Watch Stainless Steel Bracelet with Screw Down Crown and Water Resistant to 100 M. Analog Dial Quartz Movement,https://m.media-amazon.com/images/I/81j9e4YDwOL._AC_UL320_.jpg,https://www.amazon.com/dp/B07PC2PCWH,4.8,0,95.0,495.0,113,False,0,0.8080808080808081,8.84040404040404
B000BPBSL4,"Halo 78P 6-Inch Eyeball Light Trim, White",https://m.media-amazon.com/images/I/41OvLacTh0L._AC_UL320_.jpg,https://www.amazon.com/dp/B000BPBSL4,4.6,0,3.04,19.99,210,False,0,0.8479239619809905,8.839619809904953
B00HRREOY2,幸福的婚姻:男人与女人的长期相处之道,https://m.media-amazon.com/images/I/61coLhqGwDL._AC_UL320_.jpg,https://www.amazon.com/dp/B00HRREOY2,4.8,6,13.5,69.99,71,False,0,0.8071153021860266,8.835576510930132
B0779JTMDX,Star Wars: The Last Jedi Big PORG Girls Short Sleeve Tee Shirt,https://m.media-amazon.com/images/I/61S1qFdkQNL._AC_UL320_.jpg,https://www.amazon.com/dp/B0779JTMDX,5.0,0,5.61,24.0,91,False,0,0.76625,8.83125
B07PGB9GVZ,Unisex-Child Leather Loafer with Gold Embroidered Star,https://m.media-amazon.com/images/I/81DEMgCeCzL._AC_UL320_.jpg,https://www.amazon.com/dp/B07PGB9GVZ,5.0,0,23.28,99.0,97,False,0,0.7648484848484849,8.824242424242424
B001UQZ396,Fabtech FTS1120 Bushing Kit,https://m.media-amazon.com/images/I/61mnJ00vN9L._AC_UL320_.jpg,https://www.amazon.com/dp/B001UQZ396,5.0,0,33.15,140.63,18,False,0,0.7642750479982934,8.821375239991466
B09J3GN6G1,The Sunbearer Trials (The Sunbearer Duology Book 1),https://m.media-amazon.com/images/I/81j7UJDeV9L._AC_UY218_.jpg,https://www.amazon.com/dp/B09J3GN6G1,4.6,0,2.99,18.99,263,False,0,0.842548709847288,8.81274354923644
B09V8916ST,Baby-Girls Short Sleeve Logo T-shirt,https://m.media-amazon.com/images/I/71H2Koh3NjL._AC_UL320_.jpg,https://www.amazon.com/dp/B09V8916ST,4.7,0,2.66,14.99,42,False,0,0.8225483655770514,8.812741827885258
B000CAU2EM,Baldwin BF592 Heavy Duty Diesel Fuel Spin-On Filter,https://m.media-amazon.com/images/I/51a5sWoBmfL._AC_UL320_.jpg,https://www.amazon.com/dp/B000CAU2EM,5.0,0,4.0,16.74,15,False,0,0.7610513739545998,8.805256869772998
B0CH88TBSX,"ZCWA Robot Vacuum, Robot Vacuum Cleaner with WiFi/APP/Alexa, Automatic Self-Charging, Robot Vacuum and Mop Combo Perfect for Carpet, Hard-Floor and Pet Hair",https://m.media-amazon.com/images/I/71eGMfhZDcL._AC_UL320_.jpg,https://www.amazon.com/dp/B0CH88TBSX,5.0,8,172.99,721.99,175,False,0,0.760398343467361,8.801991717336804
B09JSKD98W,Tom Clancy’s Ghost Recon Breakpoint: Ultimate | PC Code - Ubisoft Connect,https://m.media-amazon.com/images/I/81Lsz-QR8VL._AC_UY218_.jpg,https://www.amazon.com/dp/B09JSKD98W,4.6,0,19.2,119.99,263,False,0,0.839986665555463,8.799933327777314
B0BMM8QMVW,Far Cry 6 Standard Edition | PC Code - Ubisoft Connect,https://m.media-amazon.com/images/I/81IN5D3yJUL._AC_UY218_.jpg,https://www.amazon.com/dp/B0BMM8QMVW,4.8,0,12.0,59.99,263,False,50,0.799966661110185,8.799833305550925
B0C65WZNSR,"INSE Cordless Vacuum Cleaner, 6-in-1 Rechargeable Stick Vacuum with 2200 m-A-h Battery, Powerful Lightweight Cordless Vacuum Cleaner, Up to 45 Mins Runtime, for Home Hard Floor Carpet Pet Hair-N5S",https://m.media-amazon.com/images/I/61s43WS06WL._AC_UL320_.jpg,https://www.amazon.com/dp/B0C65WZNSR,4.9,0,99.98,449.98,201,False,0,0.7778123472154318,8.789061736077159
B077Y1FF34,"PREXTEX Toy Filled Easter Eggs with Pull-Back Construction & Engineering Vehicles (12 pack) – Easter Eggs with Toys Inside, Birthday Party Favors for Boys and Girls Over 3",https://m.media-amazon.com/images/I/816U2C-hyuL._AC_UL320_.jpg,https://www.amazon.com/dp/B077Y1FF34,4.6,0,6.49,39.99,177,False,100,0.8377094273568392,8.788547136784196
B0C711JG8D,"MANVINS Robot Vacuum and Mop Combo, WiFi/App/Alexa, 2 in 1 Robot Vacuum Cleaner with Tangle-Free Cyclone Suction, Scheduled Cleaning, Self-Charging Robotic Vacuum for Pet Hair, Low Carpet",https://m.media-amazon.com/images/I/71Fd1ONabkL._AC_UL320_.jpg,https://www.amazon.com/dp/B0C711JG8D,5.0,5,169.99,699.99,175,False,100,0.757153673623909,8.785768368119545
B08BXHCQKR,NBA 2K21 - Xbox One,https://m.media-amazon.com/images/I/71R-0noHgzL._AC_UY218_.jpg,https://www.amazon.com/dp/B08BXHCQKR,4.6,0,9.89,59.99,254,False,50,0.8351391898649775,8.775695949324888
B005I62R6G,Skywalker Trampolines Wind Stakes – 4 Pack,https://m.media-amazon.com/images/I/81Coo6n2SeL._AC_UL320_.jpg,https://www.amazon.com/dp/B005I62R6G,4.7,4920,7.43,39.99,228,False,400,0.8142035508877219,8.77101775443861
B089F479ZR,FIFA 21 – Xbox One & Xbox Series X,https://m.media-amazon.com/images/I/81F2IPqpljL._AC_UY218_.jpg,https://www.amazon.com/dp/B089F479ZR,4.6,4153,9.97,59.99,255,False,100,0.8338056342723787,8.769028171361892
B0773M1GJZ,"Lush Decor Lush Décor Sea Life 6 Piece Daybed Cover Set, Blue",https://m.media-amazon.com/images/I/91o+ivlVofL._AC_UL320_.jpg,https://www.amazon.com/dp/B0773M1GJZ,4.7,0,37.49,199.99,164,False,100,0.8125406270313515,8.762703135156759
B0CCD61BBP,"Moolan Cordless Vacuum Cleaner, 6 in 1 Lightweight Cordless Stick Vacuum with Powerful Suction, 12inch Retractable Rod Rechargeable Vacuum Cleaners for Home Hardwood Floor",https://m.media-amazon.com/images/I/716Jnz68UHL._AC_UL320_.jpg,https://www.amazon.com/dp/B0CCD61BBP,5.0,0,98.99,399.99,175,False,0,0.7525188129703242,8.762594064851621
B0CF9QMQXL,"Cordless Vacuum Cleaner，Vacuum Cleaners for Home with 2200mAh Powerful Lithium Batteries, Up to 35 Mins Runtime Cordless Vacuum, 4 in 1 Lightweight Quiet Vacuum Cleaner",https://m.media-amazon.com/images/I/71quyNkKJ7L._AC_UL320_.jpg,https://www.amazon.com/dp/B0CF9QMQXL,4.7,162,149.99,799.99,175,False,50,0.8125101563769547,8.762550781884773
B01IJXRE6C,Big Heart Collection - 20mm Classic Shaped Lapis Lazuli Blue Golden Pyrite - Black Cord – Natural Stone Crystal Gemstone Pendant Necklace Charm,https://m.media-amazon.com/images/I/71VTwfuBX8L._AC_UL320_.jpg,https://www.amazon.com/dp/B01IJXRE6C,5.0,0,4.99,19.99,88,False,0,0.7503751875937968,8.751875937968984
B000003XJS,Victoria de los Angeles - Baroque & Religious Arias,https://m.media-amazon.com/images/I/519-BK-XwYL._AC_UL320_.jpg,https://www.amazon.com/dp/B000003XJS,5.0,0,5.88,23.55,46,False,0,0.7503184713375797,8.751592356687897
B0CHXWYX4G,"Camera Mini 1080P Smart Wireless Wireless WiFi Camera Home Security Surveillance Cam Car Tiny Nanny Cam, Small Portable Baby Cameras Dog Pet Camera for Indoor Outdoor Black",https://m.media-amazon.com/images/I/513xKF9CTML._AC_UL320_.jpg,https://www.amazon.com/dp/B0CHXWYX4G,5.0,0,9.99,39.99,80,False,0,0.7501875468867216,8.750937734433608
B0CBPPXP8L,"Storage Clothes Bins Closet Bags: Containers Organizer Bag Boxes Clothing Bin Box Container Organization for Organizing Blanket Cloth Pillow Sheet Sweater and Storage Totes Organizers With Lids Zipper, Foldable Fabric Bedroom Totes",https://m.media-amazon.com/images/I/81m5rVTURtL._AC_UL320_.jpg,https://www.amazon.com/dp/B0CBPPXP8L,5.0,0,19.99,79.99,173,False,0,0.750093761720215,8.750468808601076
B08D7ZTCY1,Viva Pinata: Pocket Paradise - Nintendo DS (Renewed),https://m.media-amazon.com/images/I/61fh1qitVPL._AC_UY218_.jpg,https://www.amazon.com/dp/B08D7ZTCY1,5.0,0,49.99,199.99,242,False,0,0.7500375018750938,8.750187509375468
B0C6ZM62DM,"Fykee Vacuum Cleaner, Cordless Vacuum Cleaner with 1.2L Dust Cup and 80,000 PRM Brushless Motor, Stick Vacuum Cleaner with Large Detachable Battery up to 35 mins Run Time (Red)",https://m.media-amazon.com/images/I/61FEBb180TL._AC_UL320_.jpg,https://www.amazon.com/dp/B0C6ZM62DM,5.0,25,149.99,599.99,175,False,200,0.7500125002083368,8.750062501041684
B0C6ZPZN1S,"Fykee Cordless Vacuum, Vacuum Cleaner for Home with 80,000 PRM Brushless Motor, Adjustable Vacuum with 2200 mAh Battery up to 35 Mins Runtime, Stick Vacuum with 2 Modes and Partial Washable",https://m.media-amazon.com/images/I/61Vj1Kkb37L._AC_UL320_.jpg,https://www.amazon.com/dp/B0C6ZPZN1S,5.0,8,149.99,599.99,175,False,0,0.7500125002083368,8.750062501041684
B07SX5Z7GS,Men's Octavius Slim,https://m.media-amazon.com/images/I/81lrXfhoO5L._AC_UL320_.jpg,https://www.amazon.com/dp/B07SX5Z7GS,5.0,0,187.5,750.0,113,False,0,0.75,8.75
B0CG58JL1T,"Wireless in-Ear Bluetooth Earbud,Bluetooth 5.3 Noise Reduction Headphone Touch Control with Wireless Charg Case,HiFi IPX7 Waterproof Stereo Earphone A",https://m.media-amazon.com/images/I/516e3S59iVL._AC_UL320_.jpg,https://www.amazon.com/dp/B0CG58JL1T,4.5,321,9.99,66.59,71,False,0,0.8499774740952095,8.749887370476047
B0BXRHMHVV,Assassin's Creed Valhalla Deluxe Edition - Xbox [Digital Code],https://m.media-amazon.com/images/I/71tRjFUCNHL._AC_UY218_.jpg,https://www.amazon.com/dp/B0BXRHMHVV,5.0,0,20.0,79.99,262,False,0,0.7499687460932617,8.749843730466308
B07DKT3WJ2,Assassin's Creed Odyssey Standard Edition - Xbox One,https://m.media-amazon.com/images/I/814seFZKh+L._AC_UY218_.jpg,https://www.amazon.com/dp/B07DKT3WJ2,4.7,3452,11.41,59.99,255,False,100,0.8098016336056009,8.749008168028006
B08Q82S2GD,Say When Doc Holiday Sticker Decal Skeleton Skull Tombstone Quote 2 Pack Western 4-Inches Premium Quality Vinyl Sticker UV Protective Laminate PDS2146,https://m.media-amazon.com/images/I/512RGGxhUzL._AC_UL320_.jpg,https://www.amazon.com/dp/B08Q82S2GD,4.6,2888,2.22,12.99,24,False,1000,0.8290993071593533,8.745496535796766
B09V76Z3MM,Baby Boys' Logo Shorts,https://m.media-amazon.com/images/I/81Guf0h187L._AC_UL320_.jpg,https://www.amazon.com/dp/B09V76Z3MM,4.9,0,4.62,19.99,42,False,0,0.7688844422211105,8.744422211105553
B0BRP8CCVZ,Women's Yenna Heeled Sandal,https://m.media-amazon.com/images/I/713j94jPHzL._AC_UL320_.jpg,https://www.amazon.com/dp/B0BRP8CCVZ,5.0,0,29.99,119.0,122,False,0,0.747983193277311,8.739915966386555
B000KKLMKW,"SlimLine 2235 Indoor Flat Plug Extension Cord, 3 Foot Cord, Right Angled Plug, 16 gauge, 3 Polarized Outlets, 125 Volts, Space Saving Design, Neutral White Color, UL and CUL Listed…",https://m.media-amazon.com/images/I/61exNpZaaIL._AC_UL320_.jpg,https://www.amazon.com/dp/B000KKLMKW,4.7,0,3.0,15.48,210,False,0,0.8062015503875969,8.731007751937984
B09ST1QC9Q,"Boys' Short Sleeve Pique Polo Shirt (Standard & Husky), Navy, XX-Large",https://m.media-amazon.com/images/I/411hG++LLtL._AC_UL320_.jpg,https://www.amazon.com/dp/B09ST1QC9Q,5.0,0,4.84,18.98,265,False,0,0.7449947312961012,8.724973656480506
B09WTJ21VY,Baby Girls' Family Matching Christmas Pajamas,https://m.media-amazon.com/images/I/81FjSeVkySL._AC_UL320_.jpg,https://www.amazon.com/dp/B09WTJ21VY,4.6,0,8.06,46.0,42,False,0,0.8247826086956521,8.72391304347826
B085LPQLVF,Fairly Odd Parents: Breakin' Da Rules - Gamecube (Renewed),https://m.media-amazon.com/images/I/51ErQbUAXKL._AC_UY218_.jpg,https://www.amazon.com/dp/B085LPQLVF,5.0,0,54.91,214.99,250,False,0,0.7445927717568259,8.72296385878413
B000N1Q23A,"Xerox Phaser 6180/6180MFP Cyan High Capacity Toner Cartridge (6,000 Pages) - 113R00723",https://m.media-amazon.com/images/I/61uGFrnc4kL._AC_UL320_.jpg,https://www.amazon.com/dp/B000N1Q23A,4.5,158,60.99,389.95,72,False,0,0.843595332734966,8.717976663674829
B0914K8KQX,"Christmas Ornament, Year Dated 2021, Disney Winnie The Pooh Baby's First Christmas, Porcelain",https://m.media-amazon.com/images/I/61OdKafiYRS._AC_UL320_.jpg,https://www.amazon.com/dp/B0914K8KQX,4.8,0,4.33,19.99,39,False,0,0.7833916958479239,8.716958479239619
B0B2X32NQG,Unisex Jaguar Rose Tatoo Print Nylon Phone Crossbody Bag With Adjustable Shoulder Strap,https://m.media-amazon.com/images/I/71Ac6y0--8L._AC_UL320_.jpg,https://www.amazon.com/dp/B0B2X32NQG,4.5,24,10.99,69.99,118,False,0,0.8429775682240319,8.71488784112016
B07S7NLDTB,Kirby Canvas Curse (Renewed),https://m.media-amazon.com/images/I/61qLO9pfQAL._AC_UY218_.jpg,https://www.amazon.com/dp/B07S7NLDTB,5.0,0,77.0,299.45,242,False,0,0.7428619135080982,8.714309567540491
B06WPBV2FF,"Large Clear Makeup Organizer Skin Care Cosmetic Display Cases Stackable Storage Box Make up Container Cube With 8 Drawers,Set of 3 By Cq acrylic",https://m.media-amazon.com/images/I/71UBCOFOPeL._AC_UL320_.jpg,https://www.amazon.com/dp/B06WPBV2FF,4.7,0,23.99,121.66,163,False,100,0.8028111129376952,8.714055564688476
B003XZRFX4,"Simplicity 2788 Lamb, Chick, Witch, Pumpkin and Lady Sewing Pattern for Toddlers Halloween Costume, Sizes A 1/2-4",https://m.media-amazon.com/images/I/61+5PIan9QL._AC_UL320_.jpg,https://www.amazon.com/dp/B003XZRFX4,4.7,0,2.95,14.95,6,False,100,0.802675585284281,8.713377926421405
B07SFZV3BN,Immortals Fenyx Rising - PlayStation 4 Standard Edition,https://m.media-amazon.com/images/I/81yZAqTvNlL._AC_UY218_.jpg,https://www.amazon.com/dp/B07SFZV3BN,4.5,2134,9.48,59.99,253,False,100,0.8419736622770463,8.709868311385232
B09QT4F1HX,boys 2 Pieces Shorts Set,https://m.media-amazon.com/images/I/61H5LPSHhQL._AC_UL320_.jpg,https://www.amazon.com/dp/B09QT4F1HX,4.8,9,7.88,36.0,84,False,0,0.7811111111111111,8.705555555555556
B09YMTBW9T,Baby Girl's Logo Sherpa Hoodie Hooded Sweatshirt,https://m.media-amazon.com/images/I/71O4d+6GQYL._AC_UL320_.jpg,https://www.amazon.com/dp/B09YMTBW9T,4.7,0,5.97,29.99,42,False,50,0.8009336445481827,8.704668222740914
B0BHTS1MV7,VE 3326U 5380 Black Plastic Rectangle Eyeglasses 55mm,https://m.media-amazon.com/images/I/31JDoz5VrKL._AC_UL320_.jpg,https://www.amazon.com/dp/B0BHTS1MV7,5.0,0,73.37,283.0,112,False,0,0.7407420494699647,8.703710247349823
B0C3KL43F9,Baby Boys' Short Sleeve Vehicle Graphic T-Shirt,https://m.media-amazon.com/images/I/71g9RDj0D1L._AC_UL320_.jpg,https://www.amazon.com/dp/B0C3KL43F9,5.0,0,2.99,11.5,43,False,0,0.74,8.7
B0042X9QQ0,Smut Central,https://m.media-amazon.com/images/I/41B7dj-+IPL._AC_UL320_.jpg,https://www.amazon.com/dp/B0042X9QQ0,4.7,0,2.99,14.95,74,False,0,0.7999999999999999,8.7
B0C3K8KKCD,Baby Boys' Short Sleeve Vehicle Graphic T-Shirt,https://m.media-amazon.com/images/I/71g9RDj0D1L._AC_UL320_.jpg,https://www.amazon.com/dp/B0C3K8KKCD,5.0,0,2.99,11.5,42,False,0,0.74,8.7
B07L1FTG1H,Far Cry New Dawn - Xbox One Standard Edition,https://m.media-amazon.com/images/I/81fIaD7RKuL._AC_UY218_.jpg,https://www.amazon.com/dp/B07L1FTG1H,4.5,0,6.4,39.99,254,False,0,0.8399599899974994,8.699799949987497
B00DVO32VQ,Makita DC18RC 18V LXT® Lithium-Ion Rapid Optimum Charger,https://m.media-amazon.com/images/I/61TJTBEKXjL._AC_UL320_.jpg,https://www.amazon.com/dp/B00DVO32VQ,4.7,0,32.98,164.8,215,False,700,0.7998786407766991,8.699393203883496
B09TPZQ2BJ,Women’s Vegan Leather Quilted Shoulder Handbag Crossbody W/Chain Strap,https://m.media-amazon.com/images/I/61uH+Bvu59L._AC_UL320_.jpg,https://www.amazon.com/dp/B09TPZQ2BJ,4.8,10,12.99,59.0,118,False,0,0.7798305084745762,8.69915254237288
B0C867YTXB,"Cordless Vacuum Cleaner, Vacuum Cleaners for Home with 2200mAh Powerful Lithium Batteries, 5 Stages High Efficiency Filtration, Up to 30 Mins Runtime Vacuum Cleaner for Hardwood Floor",https://m.media-amazon.com/images/I/61zCZhfX9FL._AC_UL320_.jpg,https://www.amazon.com/dp/B0C867YTXB,4.7,0,134.98,669.99,151,False,2000,0.7985343064821863,8.692671532410932
B0865PBQZ4,THERAWORX PROTECT Advanced Hygiene and Barrier System Foam (7.1 Fl Oz (Pack of 1),https://m.media-amazon.com/images/I/61EygXDmWxL._AC_UL320_.jpg,https://www.amazon.com/dp/B0865PBQZ4,4.6,0,4.0,21.99,131,False,0,0.8180991359708959,8.690495679854479
B0886YWLC9,Yakuza: Like a Dragon - Day Ichi Edition - Xbox One,https://m.media-amazon.com/images/I/91l8cTIzL9S._AC_UY218_.jpg,https://www.amazon.com/dp/B0886YWLC9,4.6,0,10.95,59.99,254,False,0,0.8174695782630439,8.68734789131522
B07MLSC4VJ,"Office Depot® Brand Laminating Pouches, Business Card Size, 5 Mil, 2.56"" x 3.75"", Pack of 100",https://m.media-amazon.com/images/I/61yUWQ7HVtL._AC_UL320_.jpg,https://www.amazon.com/dp/B07MLSC4VJ,4.8,71,7.0,31.39,72,False,400,0.7769990442816184,8.68499522140809
B08BZVT8T9,iCarly - Nintendo DS (Renewed),https://m.media-amazon.com/images/I/71A4NT2pvpL._AC_UY218_.jpg,https://www.amazon.com/dp/B08BZVT8T9,5.0,0,11.85,44.99,242,False,0,0.7366081351411424,8.683040675705712
B079QLGW86,Aruba a Hewlett Packard Enterprise company HPE 1G SFP LC SX 500m OM2 MMF Transceiver,https://m.media-amazon.com/images/I/51BY9rw1OsL._AC_UL320_.jpg,https://www.amazon.com/dp/B079QLGW86,5.0,0,19.93,75.65,60,False,0,0.7365499008592201,8.682749504296101
B00AKEV88O,"ECOGARD X4612 Premium Spin-On Engine Oil Filter for Conventional Oil Fits Nissan Altima 2.5L 2004-2020, Rogue 2.5L 2008-2020, Sentra 1.8L 2000-2019, Murano 3.5L 2004-2020, Pathfinder 3.5L 2004-2020",https://m.media-amazon.com/images/I/61iDGT8-28L._AC_UL320_.jpg,https://www.amazon.com/dp/B00AKEV88O,4.6,0,2.75,14.99,21,False,100,0.8165443629086058,8.68272181454303
B00EKWKN2O,"Sandisk Ultra USB Flash Drive, 32 GB, Black (SDCZ48-032G-A46)",https://m.media-amazon.com/images/I/61OKebas-7L._AC_UL320_.jpg,https://www.amazon.com/dp/B00EKWKN2O,4.6,0,7.62,41.41,55,False,0,0.8159864766964502,8.67993238348225
B0BBXMV3HY,Unisex-Child Amos 3.0 Sandal,https://m.media-amazon.com/images/I/71A5myYaEZL._AC_UL320_.jpg,https://www.amazon.com/dp/B0BBXMV3HY,4.8,0,8.77,39.0,43,False,0,0.7751282051282051,8.675641025641026
B09V7RD3S7,Baby Boys' Logo Shorts,https://m.media-amazon.com/images/I/81Guf0h187L._AC_UL320_.jpg,https://www.amazon.com/dp/B09V7RD3S7,4.9,0,4.91,19.99,43,False,0,0.7543771885942971,8.671885942971485
B088GFR26K,PGA TOUR 2K21 - PlayStation 4,https://m.media-amazon.com/images/I/71kf4ppX8CL._AC_UY218_.jpg,https://www.amazon.com/dp/B088GFR26K,4.5,4163,9.99,59.99,253,False,100,0.833472245374229,8.667361226871146
B013RTZ9RE,Vaseline Petroleum Jelly Blue Seal Baby 1.7 Ounce (12 Pieces) (50ml),https://m.media-amazon.com/images/I/6173bfjAUqL._AC_UL320_.jpg,https://www.amazon.com/dp/B013RTZ9RE,5.0,5,15.99,59.99,35,False,0,0.7334555759293215,8.667277879646608
B087NWXS1V,Battlefield: Bad Company Gold Edition -Xbox 360 (Renewed),https://m.media-amazon.com/images/I/51ai5CrPFzL._AC_UY218_.jpg,https://www.amazon.com/dp/B087NWXS1V,5.0,0,39.99,150.0,245,False,0,0.7333999999999999,8.667
B0C26W5WTD,Baby Girls' and Toddler Long Sleeve Top and Pants Snug Fit 100% Cotton 4 Piece Pajama Set,https://m.media-amazon.com/images/I/81+9-4fpOxL._AC_UL320_.jpg,https://www.amazon.com/dp/B0C26W5WTD,5.0,0,18.39,68.95,42,False,100,0.7332849891225526,8.666424945612762
B083W6BTPH,"Disney Princess Raya Fashion Doll with Clothes, Shoes, and Sword, Inspired by Disney's Raya and The Last Dragon Movie, Toy for Kids 3 Years and Up",https://m.media-amazon.com/images/I/81+E4QXGttL._AC_UL320_.jpg,https://www.amazon.com/dp/B083W6BTPH,4.7,0,3.54,16.99,221,False,0,0.7916421424367275,8.658210712183639
B0C3V9N56S,"Ailltopd Portable Carpet Cleaner Machine, Powerful Deep Stain Cleaning for Couch, Pets, Car Seats, Upholstery & Furniture, Spot with Dual Size Brushhead (White), 11.81*9.44*13.77, (C4)",https://m.media-amazon.com/images/I/71VmYKSOr+L._AC_UL320_.jpg,https://www.amazon.com/dp/B0C3V9N56S,4.8,213,159.99,699.99,175,False,900,0.7714395919941713,8.657197959970857
B099X87NPK,Kids Printed Brim Applique on Crown Snapback hat for Boys,https://m.media-amazon.com/images/I/61-Q7SXqrpL._AC_UL320_.jpg,https://www.amazon.com/dp/B099X87NPK,4.9,0,4.99,19.99,87,False,0,0.7503751875937968,8.651875937968985
B0CDWKBJYX,"Gold Earrings for Women,18K Real Gold Plated Chunky Irregular Droplet Hoop Earrings for Teen Girls with 925 Sterling Silver Post Fashion Hypoallergenic Hoops Jewelry for Birthday Christmas Gifts",https://m.media-amazon.com/images/I/614aqBm-2WL._AC_UL320_.jpg,https://www.amazon.com/dp/B0CDWKBJYX,4.9,27,9.99,39.99,95,False,50,0.7501875468867216,8.650937734433608
B08YKD1MZ2,"Funko POP Marvel: Spider-Man: No Way Home - MJ,Multicolor,57635",https://m.media-amazon.com/images/I/71gyTwVUvsL._AC_UL320_.jpg,https://www.amazon.com/dp/B08YKD1MZ2,4.8,0,3.0,12.99,217,False,100,0.76905311778291,8.64526558891455
B00GJX58PE,"Jojoba Oil by Leven Rose, Pure Cold Pressed Natural Unrefined Moisturizer for Skin Hair and Nails 4 oz",https://m.media-amazon.com/images/I/81jrKZMyeuL._AC_UL320_.jpg,https://www.amazon.com/dp/B00GJX58PE,4.7,0,9.97,47.0,47,False,3000,0.7878723404255319,8.63936170212766
